,mean,median,mode,range
0,42.66570498701299,40.400208,21,"18.042851, 93.704912"
1,42.66570498701299,40.400208,43,"18.042851, 93.704912"
